{
  "参数a和b都合法" : {
    "transaction" : "参数a和b都合法",
    "sampleCount" : 1000,
    "errorCount" : 452,
    "errorPct" : 45.2,
    "meanResTime" : 3322.554,
    "minResTime" : 434.0,
    "maxResTime" : 76599.0,
    "pct1ResTime" : 6796.9,
    "pct2ResTime" : 7049.9,
    "pct3ResTime" : 7136.97,
    "throughput" : 13.024225058609012,
    "receivedKBytesPerSec" : 13.38091584722584,
    "sentKBytesPerSec" : 0.9270093937223235
  },
  "Total" : {
    "transaction" : "Total",
    "sampleCount" : 1000,
    "errorCount" : 452,
    "errorPct" : 45.2,
    "meanResTime" : 3322.554,
    "minResTime" : 434.0,
    "maxResTime" : 76599.0,
    "pct1ResTime" : 6796.9,
    "pct2ResTime" : 7049.9,
    "pct3ResTime" : 7136.97,
    "throughput" : 13.024225058609012,
    "receivedKBytesPerSec" : 13.38091584722584,
    "sentKBytesPerSec" : 0.9270093937223235
  }
}